family,tag,n,idx,decoder,method,dim,budget,f_opt,exact,seed,best,ftt,fes
scp_orlib,scp41,1000,0,penalty,floor,1000,10000000,429,True,0,880,,10000000
scp_orlib,scp41,1000,0,penalty,floor,1000,10000000,429,True,1,872,,10000000
scp_orlib,scp41,1000,0,penalty,floor,1000,10000000,429,True,2,883,,10000000
scp_orlib,scp41,1000,0,penalty,floor,1000,10000000,429,True,3,756,,10000000
scp_orlib,scp41,1000,0,penalty,floor,1000,10000000,429,True,4,800,,10000000
scp_orlib,scp41,1000,0,penalty,floor,1000,10000000,429,True,5,814,,10000000
scp_orlib,scp41,1000,0,penalty,floor,1000,10000000,429,True,6,916,,10000000
scp_orlib,scp41,1000,0,penalty,floor,1000,10000000,429,True,7,862,,10000000
scp_orlib,scp41,1000,0,penalty,floor,1000,10000000,429,True,8,768,,10000000
scp_orlib,scp41,1000,0,penalty,floor,1000,10000000,429,True,9,879,,10000000
scp_orlib,scp41,1000,0,penalty,floor,1000,10000000,429,True,10,860,,10000000
scp_orlib,scp41,1000,0,penalty,floor,1000,10000000,429,True,11,764,,10000000
scp_orlib,scp41,1000,0,penalty,floor,1000,10000000,429,True,12,901,,10000000
scp_orlib,scp41,1000,0,penalty,floor,1000,10000000,429,True,13,829,,10000000
scp_orlib,scp41,1000,0,penalty,floor,1000,10000000,429,True,14,816,,10000000
scp_orlib,scp41,1000,0,penalty,floor,1000,10000000,429,True,15,804,,10000000
scp_orlib,scp41,1000,0,penalty,floor,1000,10000000,429,True,16,867,,10000000
scp_orlib,scp41,1000,0,penalty,floor,1000,10000000,429,True,17,822,,10000000
scp_orlib,scp41,1000,0,penalty,floor,1000,10000000,429,True,18,832,,10000000
scp_orlib,scp41,1000,0,penalty,floor,1000,10000000,429,True,19,793,,10000000
scp_orlib,scp41,1000,0,penalty,floor,1000,10000000,429,True,20,786,,10000000
scp_orlib,scp41,1000,0,penalty,floor,1000,10000000,429,True,21,869,,10000000
scp_orlib,scp41,1000,0,penalty,floor,1000,10000000,429,True,22,948,,10000000
scp_orlib,scp41,1000,0,penalty,floor,1000,10000000,429,True,23,821,,10000000
scp_orlib,scp41,1000,0,penalty,floor,1000,10000000,429,True,24,791,,10000000
scp_orlib,scp41,1000,0,penalty,floor,1000,10000000,429,True,25,842,,10000000
scp_orlib,scp41,1000,0,penalty,floor,1000,10000000,429,True,26,847,,10000000
scp_orlib,scp41,1000,0,penalty,floor,1000,10000000,429,True,27,795,,10000000
scp_orlib,scp41,1000,0,penalty,floor,1000,10000000,429,True,28,803,,10000000
scp_orlib,scp41,1000,0,penalty,floor,1000,10000000,429,True,29,885,,10000000
scp_orlib,scp41,1000,0,penalty,floor,1000,10000000,429,True,30,826,,10000000
scp_orlib,scp41,1000,0,penalty,ils,1000,10000000,429,True,0,443,,10000000
scp_orlib,scp41,1000,0,penalty,ils,1000,10000000,429,True,1,435,,10000000
scp_orlib,scp41,1000,0,penalty,ils,1000,10000000,429,True,2,437,,10000000
scp_orlib,scp41,1000,0,penalty,ils,1000,10000000,429,True,3,440,,10000000
scp_orlib,scp41,1000,0,penalty,ils,1000,10000000,429,True,4,443,,10000000
scp_orlib,scp41,1000,0,penalty,ils,1000,10000000,429,True,5,437,,10000000
scp_orlib,scp41,1000,0,penalty,ils,1000,10000000,429,True,6,449,,10000000
scp_orlib,scp41,1000,0,penalty,ils,1000,10000000,429,True,7,443,,10000000
scp_orlib,scp41,1000,0,penalty,ils,1000,10000000,429,True,8,434,,10000000
scp_orlib,scp41,1000,0,penalty,ils,1000,10000000,429,True,9,448,,10000000
scp_orlib,scp41,1000,0,penalty,ils,1000,10000000,429,True,10,444,,10000000
scp_orlib,scp41,1000,0,penalty,ils,1000,10000000,429,True,11,439,,10000000
scp_orlib,scp41,1000,0,penalty,ils,1000,10000000,429,True,12,486,,10000000
scp_orlib,scp41,1000,0,penalty,ils,1000,10000000,429,True,13,448,,10000000
scp_orlib,scp41,1000,0,penalty,ils,1000,10000000,429,True,14,437,,10000000
scp_orlib,scp41,1000,0,penalty,ils,1000,10000000,429,True,15,443,,10000000
scp_orlib,scp41,1000,0,penalty,ils,1000,10000000,429,True,16,441,,10000000
scp_orlib,scp41,1000,0,penalty,ils,1000,10000000,429,True,17,443,,10000000
scp_orlib,scp41,1000,0,penalty,ils,1000,10000000,429,True,18,433,,10000000
scp_orlib,scp41,1000,0,penalty,ils,1000,10000000,429,True,19,450,,10000000
scp_orlib,scp41,1000,0,penalty,ils,1000,10000000,429,True,20,442,,10000000
scp_orlib,scp41,1000,0,penalty,ils,1000,10000000,429,True,21,436,,10000000
scp_orlib,scp41,1000,0,penalty,ils,1000,10000000,429,True,22,439,,10000000
scp_orlib,scp41,1000,0,penalty,ils,1000,10000000,429,True,23,438,,10000000
scp_orlib,scp41,1000,0,penalty,ils,1000,10000000,429,True,24,444,,10000000
scp_orlib,scp41,1000,0,penalty,ils,1000,10000000,429,True,25,433,,10000000
scp_orlib,scp41,1000,0,penalty,ils,1000,10000000,429,True,26,432,,10000000
scp_orlib,scp41,1000,0,penalty,ils,1000,10000000,429,True,27,437,,10000000
scp_orlib,scp41,1000,0,penalty,ils,1000,10000000,429,True,28,437,,10000000
scp_orlib,scp41,1000,0,penalty,ils,1000,10000000,429,True,29,443,,10000000
scp_orlib,scp41,1000,0,penalty,ils,1000,10000000,429,True,30,445,,10000000
scp_orlib,scp41,1000,0,penalty,mpoa,1000,10000000,429,True,0,5535,,10000000
scp_orlib,scp41,1000,0,penalty,mpoa,1000,10000000,429,True,1,5207,,10000000
scp_orlib,scp41,1000,0,penalty,mpoa,1000,10000000,429,True,2,5872,,10000000
scp_orlib,scp41,1000,0,penalty,mpoa,1000,10000000,429,True,3,5427,,10000000
scp_orlib,scp41,1000,0,penalty,mpoa,1000,10000000,429,True,4,5082,,10000000
scp_orlib,scp41,1000,0,penalty,mpoa,1000,10000000,429,True,5,5449,,10000000
scp_orlib,scp41,1000,0,penalty,mpoa,1000,10000000,429,True,6,5921,,10000000
scp_orlib,scp41,1000,0,penalty,mpoa,1000,10000000,429,True,7,5827,,10000000
scp_orlib,scp41,1000,0,penalty,mpoa,1000,10000000,429,True,8,4801,,10000000
scp_orlib,scp41,1000,0,penalty,mpoa,1000,10000000,429,True,9,5470,,10000000
scp_orlib,scp41,1000,0,penalty,mpoa,1000,10000000,429,True,10,5047,,10000000
scp_orlib,scp41,1000,0,penalty,mpoa,1000,10000000,429,True,11,5510,,10000000
scp_orlib,scp41,1000,0,penalty,mpoa,1000,10000000,429,True,12,4871,,10000000
scp_orlib,scp41,1000,0,penalty,mpoa,1000,10000000,429,True,13,5407,,10000000
scp_orlib,scp41,1000,0,penalty,mpoa,1000,10000000,429,True,14,5474,,10000000
scp_orlib,scp41,1000,0,penalty,mpoa,1000,10000000,429,True,15,4865,,10000000
scp_orlib,scp41,1000,0,penalty,mpoa,1000,10000000,429,True,16,5676,,10000000
scp_orlib,scp41,1000,0,penalty,mpoa,1000,10000000,429,True,17,5377,,10000000
scp_orlib,scp41,1000,0,penalty,mpoa,1000,10000000,429,True,18,5824,,10000000
scp_orlib,scp41,1000,0,penalty,mpoa,1000,10000000,429,True,19,5183,,10000000
scp_orlib,scp41,1000,0,penalty,mpoa,1000,10000000,429,True,20,5061,,10000000
scp_orlib,scp41,1000,0,penalty,mpoa,1000,10000000,429,True,21,5141,,10000000
scp_orlib,scp41,1000,0,penalty,mpoa,1000,10000000,429,True,22,5722,,10000000
scp_orlib,scp41,1000,0,penalty,mpoa,1000,10000000,429,True,23,5506,,10000000
scp_orlib,scp41,1000,0,penalty,mpoa,1000,10000000,429,True,24,5656,,10000000
scp_orlib,scp41,1000,0,penalty,mpoa,1000,10000000,429,True,25,5954,,10000000
scp_orlib,scp41,1000,0,penalty,mpoa,1000,10000000,429,True,26,5413,,10000000
scp_orlib,scp41,1000,0,penalty,mpoa,1000,10000000,429,True,27,5024,,10000000
scp_orlib,scp41,1000,0,penalty,mpoa,1000,10000000,429,True,28,5267,,10000000
scp_orlib,scp41,1000,0,penalty,mpoa,1000,10000000,429,True,29,5062,,10000000
scp_orlib,scp41,1000,0,penalty,mpoa,1000,10000000,429,True,30,5719,,10000000
scp_orlib,scp42,1000,0,penalty,floor,1000,10000000,512,True,0,901,,10000000
scp_orlib,scp42,1000,0,penalty,floor,1000,10000000,512,True,1,910,,10000000
scp_orlib,scp42,1000,0,penalty,floor,1000,10000000,512,True,2,820,,10000000
scp_orlib,scp42,1000,0,penalty,floor,1000,10000000,512,True,3,819,,10000000
scp_orlib,scp42,1000,0,penalty,floor,1000,10000000,512,True,4,824,,10000000
scp_orlib,scp42,1000,0,penalty,floor,1000,10000000,512,True,5,855,,10000000
scp_orlib,scp42,1000,0,penalty,floor,1000,10000000,512,True,6,968,,10000000
scp_orlib,scp42,1000,0,penalty,floor,1000,10000000,512,True,7,867,,10000000
scp_orlib,scp42,1000,0,penalty,floor,1000,10000000,512,True,8,880,,10000000
scp_orlib,scp42,1000,0,penalty,floor,1000,10000000,512,True,9,920,,10000000
scp_orlib,scp42,1000,0,penalty,floor,1000,10000000,512,True,10,856,,10000000
scp_orlib,scp42,1000,0,penalty,floor,1000,10000000,512,True,11,947,,10000000
scp_orlib,scp42,1000,0,penalty,floor,1000,10000000,512,True,12,875,,10000000
scp_orlib,scp42,1000,0,penalty,floor,1000,10000000,512,True,13,821,,10000000
scp_orlib,scp42,1000,0,penalty,floor,1000,10000000,512,True,14,929,,10000000
scp_orlib,scp42,1000,0,penalty,floor,1000,10000000,512,True,15,829,,10000000
scp_orlib,scp42,1000,0,penalty,floor,1000,10000000,512,True,16,845,,10000000
scp_orlib,scp42,1000,0,penalty,floor,1000,10000000,512,True,17,833,,10000000
scp_orlib,scp42,1000,0,penalty,floor,1000,10000000,512,True,18,845,,10000000
scp_orlib,scp42,1000,0,penalty,floor,1000,10000000,512,True,19,801,,10000000
scp_orlib,scp42,1000,0,penalty,floor,1000,10000000,512,True,20,855,,10000000
scp_orlib,scp42,1000,0,penalty,floor,1000,10000000,512,True,21,857,,10000000
scp_orlib,scp42,1000,0,penalty,floor,1000,10000000,512,True,22,884,,10000000
scp_orlib,scp42,1000,0,penalty,floor,1000,10000000,512,True,23,934,,10000000
scp_orlib,scp42,1000,0,penalty,floor,1000,10000000,512,True,24,910,,10000000
scp_orlib,scp42,1000,0,penalty,floor,1000,10000000,512,True,25,866,,10000000
scp_orlib,scp42,1000,0,penalty,floor,1000,10000000,512,True,26,951,,10000000
scp_orlib,scp42,1000,0,penalty,floor,1000,10000000,512,True,27,822,,10000000
scp_orlib,scp42,1000,0,penalty,floor,1000,10000000,512,True,28,880,,10000000
scp_orlib,scp42,1000,0,penalty,floor,1000,10000000,512,True,29,935,,10000000
scp_orlib,scp42,1000,0,penalty,floor,1000,10000000,512,True,30,812,,10000000
scp_orlib,scp42,1000,0,penalty,ils,1000,10000000,512,True,0,539,,10000000
scp_orlib,scp42,1000,0,penalty,ils,1000,10000000,512,True,1,533,,10000000
scp_orlib,scp42,1000,0,penalty,ils,1000,10000000,512,True,2,539,,10000000
scp_orlib,scp42,1000,0,penalty,ils,1000,10000000,512,True,3,514,,10000000
scp_orlib,scp42,1000,0,penalty,ils,1000,10000000,512,True,4,533,,10000000
scp_orlib,scp42,1000,0,penalty,ils,1000,10000000,512,True,5,554,,10000000
scp_orlib,scp42,1000,0,penalty,ils,1000,10000000,512,True,6,534,,10000000
scp_orlib,scp42,1000,0,penalty,ils,1000,10000000,512,True,7,546,,10000000
scp_orlib,scp42,1000,0,penalty,ils,1000,10000000,512,True,8,538,,10000000
scp_orlib,scp42,1000,0,penalty,ils,1000,10000000,512,True,9,540,,10000000
scp_orlib,scp42,1000,0,penalty,ils,1000,10000000,512,True,10,550,,10000000
scp_orlib,scp42,1000,0,penalty,ils,1000,10000000,512,True,11,533,,10000000
scp_orlib,scp42,1000,0,penalty,ils,1000,10000000,512,True,12,523,,10000000
scp_orlib,scp42,1000,0,penalty,ils,1000,10000000,512,True,13,533,,10000000
scp_orlib,scp42,1000,0,penalty,ils,1000,10000000,512,True,14,543,,10000000
scp_orlib,scp42,1000,0,penalty,ils,1000,10000000,512,True,15,548,,10000000
scp_orlib,scp42,1000,0,penalty,ils,1000,10000000,512,True,16,547,,10000000
scp_orlib,scp42,1000,0,penalty,ils,1000,10000000,512,True,17,552,,10000000
scp_orlib,scp42,1000,0,penalty,ils,1000,10000000,512,True,18,533,,10000000
scp_orlib,scp42,1000,0,penalty,ils,1000,10000000,512,True,19,554,,10000000
scp_orlib,scp42,1000,0,penalty,ils,1000,10000000,512,True,20,541,,10000000
scp_orlib,scp42,1000,0,penalty,ils,1000,10000000,512,True,21,534,,10000000
scp_orlib,scp42,1000,0,penalty,ils,1000,10000000,512,True,22,553,,10000000
scp_orlib,scp42,1000,0,penalty,ils,1000,10000000,512,True,23,534,,10000000
scp_orlib,scp42,1000,0,penalty,ils,1000,10000000,512,True,24,533,,10000000
scp_orlib,scp42,1000,0,penalty,ils,1000,10000000,512,True,25,525,,10000000
scp_orlib,scp42,1000,0,penalty,ils,1000,10000000,512,True,26,538,,10000000
scp_orlib,scp42,1000,0,penalty,ils,1000,10000000,512,True,27,521,,10000000
scp_orlib,scp42,1000,0,penalty,ils,1000,10000000,512,True,28,551,,10000000
scp_orlib,scp42,1000,0,penalty,ils,1000,10000000,512,True,29,549,,10000000
scp_orlib,scp42,1000,0,penalty,ils,1000,10000000,512,True,30,540,,10000000
scp_orlib,scp42,1000,0,penalty,mpoa,1000,10000000,512,True,0,5823,,10000000
scp_orlib,scp42,1000,0,penalty,mpoa,1000,10000000,512,True,1,5682,,10000000
scp_orlib,scp42,1000,0,penalty,mpoa,1000,10000000,512,True,2,5852,,10000000
scp_orlib,scp42,1000,0,penalty,mpoa,1000,10000000,512,True,3,5491,,10000000
scp_orlib,scp42,1000,0,penalty,mpoa,1000,10000000,512,True,4,5309,,10000000
scp_orlib,scp42,1000,0,penalty,mpoa,1000,10000000,512,True,5,5866,,10000000
scp_orlib,scp42,1000,0,penalty,mpoa,1000,10000000,512,True,6,5266,,10000000
scp_orlib,scp42,1000,0,penalty,mpoa,1000,10000000,512,True,7,6012,,10000000
scp_orlib,scp42,1000,0,penalty,mpoa,1000,10000000,512,True,8,6000,,10000000
scp_orlib,scp42,1000,0,penalty,mpoa,1000,10000000,512,True,9,5494,,10000000
scp_orlib,scp42,1000,0,penalty,mpoa,1000,10000000,512,True,10,5313,,10000000
scp_orlib,scp42,1000,0,penalty,mpoa,1000,10000000,512,True,11,6133,,10000000
scp_orlib,scp42,1000,0,penalty,mpoa,1000,10000000,512,True,12,5523,,10000000
scp_orlib,scp42,1000,0,penalty,mpoa,1000,10000000,512,True,13,4538,,10000000
scp_orlib,scp42,1000,0,penalty,mpoa,1000,10000000,512,True,14,5138,,10000000
scp_orlib,scp42,1000,0,penalty,mpoa,1000,10000000,512,True,15,4930,,10000000
scp_orlib,scp42,1000,0,penalty,mpoa,1000,10000000,512,True,16,5849,,10000000
scp_orlib,scp42,1000,0,penalty,mpoa,1000,10000000,512,True,17,4936,,10000000
scp_orlib,scp42,1000,0,penalty,mpoa,1000,10000000,512,True,18,5148,,10000000
scp_orlib,scp42,1000,0,penalty,mpoa,1000,10000000,512,True,19,5459,,10000000
scp_orlib,scp42,1000,0,penalty,mpoa,1000,10000000,512,True,20,5064,,10000000
scp_orlib,scp42,1000,0,penalty,mpoa,1000,10000000,512,True,21,5544,,10000000
scp_orlib,scp42,1000,0,penalty,mpoa,1000,10000000,512,True,22,5680,,10000000
scp_orlib,scp42,1000,0,penalty,mpoa,1000,10000000,512,True,23,4415,,10000000
scp_orlib,scp42,1000,0,penalty,mpoa,1000,10000000,512,True,24,5762,,10000000
scp_orlib,scp42,1000,0,penalty,mpoa,1000,10000000,512,True,25,5878,,10000000
scp_orlib,scp42,1000,0,penalty,mpoa,1000,10000000,512,True,26,5172,,10000000
scp_orlib,scp42,1000,0,penalty,mpoa,1000,10000000,512,True,27,5400,,10000000
scp_orlib,scp42,1000,0,penalty,mpoa,1000,10000000,512,True,28,4652,,10000000
scp_orlib,scp42,1000,0,penalty,mpoa,1000,10000000,512,True,29,5279,,10000000
scp_orlib,scp42,1000,0,penalty,mpoa,1000,10000000,512,True,30,5716,,10000000
scp_orlib,scp43,1000,0,penalty,floor,1000,10000000,516,True,0,855,,10000000
scp_orlib,scp43,1000,0,penalty,floor,1000,10000000,516,True,1,784,,10000000
scp_orlib,scp43,1000,0,penalty,floor,1000,10000000,516,True,2,878,,10000000
scp_orlib,scp43,1000,0,penalty,floor,1000,10000000,516,True,3,854,,10000000
scp_orlib,scp43,1000,0,penalty,floor,1000,10000000,516,True,4,879,,10000000
scp_orlib,scp43,1000,0,penalty,floor,1000,10000000,516,True,5,854,,10000000
scp_orlib,scp43,1000,0,penalty,floor,1000,10000000,516,True,6,889,,10000000
scp_orlib,scp43,1000,0,penalty,floor,1000,10000000,516,True,7,820,,10000000
scp_orlib,scp43,1000,0,penalty,floor,1000,10000000,516,True,8,760,,10000000
scp_orlib,scp43,1000,0,penalty,floor,1000,10000000,516,True,9,900,,10000000
scp_orlib,scp43,1000,0,penalty,floor,1000,10000000,516,True,10,873,,10000000
scp_orlib,scp43,1000,0,penalty,floor,1000,10000000,516,True,11,868,,10000000
scp_orlib,scp43,1000,0,penalty,floor,1000,10000000,516,True,12,900,,10000000
scp_orlib,scp43,1000,0,penalty,floor,1000,10000000,516,True,13,843,,10000000
scp_orlib,scp43,1000,0,penalty,floor,1000,10000000,516,True,14,915,,10000000
scp_orlib,scp43,1000,0,penalty,floor,1000,10000000,516,True,15,909,,10000000
scp_orlib,scp43,1000,0,penalty,floor,1000,10000000,516,True,16,847,,10000000
scp_orlib,scp43,1000,0,penalty,floor,1000,10000000,516,True,17,927,,10000000
scp_orlib,scp43,1000,0,penalty,floor,1000,10000000,516,True,18,868,,10000000
scp_orlib,scp43,1000,0,penalty,floor,1000,10000000,516,True,19,888,,10000000
scp_orlib,scp43,1000,0,penalty,floor,1000,10000000,516,True,20,819,,10000000
scp_orlib,scp43,1000,0,penalty,floor,1000,10000000,516,True,21,903,,10000000
scp_orlib,scp43,1000,0,penalty,floor,1000,10000000,516,True,22,891,,10000000
scp_orlib,scp43,1000,0,penalty,floor,1000,10000000,516,True,23,882,,10000000
scp_orlib,scp43,1000,0,penalty,floor,1000,10000000,516,True,24,849,,10000000
scp_orlib,scp43,1000,0,penalty,floor,1000,10000000,516,True,25,868,,10000000
scp_orlib,scp43,1000,0,penalty,floor,1000,10000000,516,True,26,904,,10000000
scp_orlib,scp43,1000,0,penalty,floor,1000,10000000,516,True,27,874,,10000000
scp_orlib,scp43,1000,0,penalty,floor,1000,10000000,516,True,28,871,,10000000
scp_orlib,scp43,1000,0,penalty,floor,1000,10000000,516,True,29,846,,10000000
scp_orlib,scp43,1000,0,penalty,floor,1000,10000000,516,True,30,868,,10000000
scp_orlib,scp43,1000,0,penalty,ils,1000,10000000,516,True,0,538,,10000000
scp_orlib,scp43,1000,0,penalty,ils,1000,10000000,516,True,1,528,,10000000
scp_orlib,scp43,1000,0,penalty,ils,1000,10000000,516,True,2,528,,10000000
scp_orlib,scp43,1000,0,penalty,ils,1000,10000000,516,True,3,518,,10000000
scp_orlib,scp43,1000,0,penalty,ils,1000,10000000,516,True,4,527,,10000000
scp_orlib,scp43,1000,0,penalty,ils,1000,10000000,516,True,5,528,,10000000
scp_orlib,scp43,1000,0,penalty,ils,1000,10000000,516,True,6,528,,10000000
scp_orlib,scp43,1000,0,penalty,ils,1000,10000000,516,True,7,518,,10000000
scp_orlib,scp43,1000,0,penalty,ils,1000,10000000,516,True,8,533,,10000000
scp_orlib,scp43,1000,0,penalty,ils,1000,10000000,516,True,9,523,,10000000
scp_orlib,scp43,1000,0,penalty,ils,1000,10000000,516,True,10,521,,10000000
scp_orlib,scp43,1000,0,penalty,ils,1000,10000000,516,True,11,518,,10000000
scp_orlib,scp43,1000,0,penalty,ils,1000,10000000,516,True,12,529,,10000000
scp_orlib,scp43,1000,0,penalty,ils,1000,10000000,516,True,13,528,,10000000
scp_orlib,scp43,1000,0,penalty,ils,1000,10000000,516,True,14,524,,10000000
scp_orlib,scp43,1000,0,penalty,ils,1000,10000000,516,True,15,529,,10000000
scp_orlib,scp43,1000,0,penalty,ils,1000,10000000,516,True,16,528,,10000000
scp_orlib,scp43,1000,0,penalty,ils,1000,10000000,516,True,17,529,,10000000
scp_orlib,scp43,1000,0,penalty,ils,1000,10000000,516,True,18,532,,10000000
scp_orlib,scp43,1000,0,penalty,ils,1000,10000000,516,True,19,532,,10000000
scp_orlib,scp43,1000,0,penalty,ils,1000,10000000,516,True,20,524,,10000000
scp_orlib,scp43,1000,0,penalty,ils,1000,10000000,516,True,21,528,,10000000
scp_orlib,scp43,1000,0,penalty,ils,1000,10000000,516,True,22,534,,10000000
scp_orlib,scp43,1000,0,penalty,ils,1000,10000000,516,True,23,528,,10000000
scp_orlib,scp43,1000,0,penalty,ils,1000,10000000,516,True,24,517,,10000000
scp_orlib,scp43,1000,0,penalty,ils,1000,10000000,516,True,25,534,,10000000
scp_orlib,scp43,1000,0,penalty,ils,1000,10000000,516,True,26,529,,10000000
scp_orlib,scp43,1000,0,penalty,ils,1000,10000000,516,True,27,526,,10000000
scp_orlib,scp43,1000,0,penalty,ils,1000,10000000,516,True,28,533,,10000000
scp_orlib,scp43,1000,0,penalty,ils,1000,10000000,516,True,29,531,,10000000
scp_orlib,scp43,1000,0,penalty,ils,1000,10000000,516,True,30,529,,10000000
scp_orlib,scp43,1000,0,penalty,mpoa,1000,10000000,516,True,0,4936,,10000000
scp_orlib,scp43,1000,0,penalty,mpoa,1000,10000000,516,True,1,5732,,10000000
scp_orlib,scp43,1000,0,penalty,mpoa,1000,10000000,516,True,2,5711,,10000000
scp_orlib,scp43,1000,0,penalty,mpoa,1000,10000000,516,True,3,4912,,10000000
scp_orlib,scp43,1000,0,penalty,mpoa,1000,10000000,516,True,4,5163,,10000000
scp_orlib,scp43,1000,0,penalty,mpoa,1000,10000000,516,True,5,5410,,10000000
scp_orlib,scp43,1000,0,penalty,mpoa,1000,10000000,516,True,6,5591,,10000000
scp_orlib,scp43,1000,0,penalty,mpoa,1000,10000000,516,True,7,6356,,10000000
scp_orlib,scp43,1000,0,penalty,mpoa,1000,10000000,516,True,8,5209,,10000000
scp_orlib,scp43,1000,0,penalty,mpoa,1000,10000000,516,True,9,5158,,10000000
scp_orlib,scp43,1000,0,penalty,mpoa,1000,10000000,516,True,10,4937,,10000000
scp_orlib,scp43,1000,0,penalty,mpoa,1000,10000000,516,True,11,5442,,10000000
scp_orlib,scp43,1000,0,penalty,mpoa,1000,10000000,516,True,12,5510,,10000000
scp_orlib,scp43,1000,0,penalty,mpoa,1000,10000000,516,True,13,5578,,10000000
scp_orlib,scp43,1000,0,penalty,mpoa,1000,10000000,516,True,14,5045,,10000000
scp_orlib,scp43,1000,0,penalty,mpoa,1000,10000000,516,True,15,5481,,10000000
scp_orlib,scp43,1000,0,penalty,mpoa,1000,10000000,516,True,16,5630,,10000000
scp_orlib,scp43,1000,0,penalty,mpoa,1000,10000000,516,True,17,5402,,10000000
scp_orlib,scp43,1000,0,penalty,mpoa,1000,10000000,516,True,18,5599,,10000000
scp_orlib,scp43,1000,0,penalty,mpoa,1000,10000000,516,True,19,5045,,10000000
scp_orlib,scp43,1000,0,penalty,mpoa,1000,10000000,516,True,20,5305,,10000000
scp_orlib,scp43,1000,0,penalty,mpoa,1000,10000000,516,True,21,5824,,10000000
scp_orlib,scp43,1000,0,penalty,mpoa,1000,10000000,516,True,22,5843,,10000000
scp_orlib,scp43,1000,0,penalty,mpoa,1000,10000000,516,True,23,5628,,10000000
scp_orlib,scp43,1000,0,penalty,mpoa,1000,10000000,516,True,24,5183,,10000000
scp_orlib,scp43,1000,0,penalty,mpoa,1000,10000000,516,True,25,5595,,10000000
scp_orlib,scp43,1000,0,penalty,mpoa,1000,10000000,516,True,26,5511,,10000000
scp_orlib,scp43,1000,0,penalty,mpoa,1000,10000000,516,True,27,5611,,10000000
scp_orlib,scp43,1000,0,penalty,mpoa,1000,10000000,516,True,28,4372,,10000000
scp_orlib,scp43,1000,0,penalty,mpoa,1000,10000000,516,True,29,5651,,10000000
scp_orlib,scp43,1000,0,penalty,mpoa,1000,10000000,516,True,30,5981,,10000000
scp_orlib,scp44,1000,0,penalty,floor,1000,10000000,494,True,0,859,,10000000
scp_orlib,scp44,1000,0,penalty,floor,1000,10000000,494,True,1,815,,10000000
scp_orlib,scp44,1000,0,penalty,floor,1000,10000000,494,True,2,884,,10000000
scp_orlib,scp44,1000,0,penalty,floor,1000,10000000,494,True,3,781,,10000000
scp_orlib,scp44,1000,0,penalty,floor,1000,10000000,494,True,4,908,,10000000
scp_orlib,scp44,1000,0,penalty,floor,1000,10000000,494,True,5,923,,10000000
scp_orlib,scp44,1000,0,penalty,floor,1000,10000000,494,True,6,852,,10000000
scp_orlib,scp44,1000,0,penalty,floor,1000,10000000,494,True,7,874,,10000000
scp_orlib,scp44,1000,0,penalty,floor,1000,10000000,494,True,8,851,,10000000
scp_orlib,scp44,1000,0,penalty,floor,1000,10000000,494,True,9,903,,10000000
scp_orlib,scp44,1000,0,penalty,floor,1000,10000000,494,True,10,892,,10000000
scp_orlib,scp44,1000,0,penalty,floor,1000,10000000,494,True,11,888,,10000000
scp_orlib,scp44,1000,0,penalty,floor,1000,10000000,494,True,12,802,,10000000
scp_orlib,scp44,1000,0,penalty,floor,1000,10000000,494,True,13,811,,10000000
scp_orlib,scp44,1000,0,penalty,floor,1000,10000000,494,True,14,830,,10000000
scp_orlib,scp44,1000,0,penalty,floor,1000,10000000,494,True,15,815,,10000000
scp_orlib,scp44,1000,0,penalty,floor,1000,10000000,494,True,16,892,,10000000
scp_orlib,scp44,1000,0,penalty,floor,1000,10000000,494,True,17,830,,10000000
scp_orlib,scp44,1000,0,penalty,floor,1000,10000000,494,True,18,900,,10000000
scp_orlib,scp44,1000,0,penalty,floor,1000,10000000,494,True,19,896,,10000000
scp_orlib,scp44,1000,0,penalty,floor,1000,10000000,494,True,20,861,,10000000
scp_orlib,scp44,1000,0,penalty,floor,1000,10000000,494,True,21,914,,10000000
scp_orlib,scp44,1000,0,penalty,floor,1000,10000000,494,True,22,878,,10000000
scp_orlib,scp44,1000,0,penalty,floor,1000,10000000,494,True,23,895,,10000000
scp_orlib,scp44,1000,0,penalty,floor,1000,10000000,494,True,24,896,,10000000
scp_orlib,scp44,1000,0,penalty,floor,1000,10000000,494,True,25,884,,10000000
scp_orlib,scp44,1000,0,penalty,floor,1000,10000000,494,True,26,877,,10000000
scp_orlib,scp44,1000,0,penalty,floor,1000,10000000,494,True,27,893,,10000000
scp_orlib,scp44,1000,0,penalty,floor,1000,10000000,494,True,28,871,,10000000
scp_orlib,scp44,1000,0,penalty,floor,1000,10000000,494,True,29,914,,10000000
scp_orlib,scp44,1000,0,penalty,floor,1000,10000000,494,True,30,861,,10000000
scp_orlib,scp44,1000,0,penalty,ils,1000,10000000,494,True,0,536,,10000000
scp_orlib,scp44,1000,0,penalty,ils,1000,10000000,494,True,1,511,,10000000
scp_orlib,scp44,1000,0,penalty,ils,1000,10000000,494,True,2,529,,10000000
scp_orlib,scp44,1000,0,penalty,ils,1000,10000000,494,True,3,509,,10000000
scp_orlib,scp44,1000,0,penalty,ils,1000,10000000,494,True,4,500,,10000000
scp_orlib,scp44,1000,0,penalty,ils,1000,10000000,494,True,5,513,,10000000
scp_orlib,scp44,1000,0,penalty,ils,1000,10000000,494,True,6,497,,10000000
scp_orlib,scp44,1000,0,penalty,ils,1000,10000000,494,True,7,525,,10000000
scp_orlib,scp44,1000,0,penalty,ils,1000,10000000,494,True,8,509,,10000000
scp_orlib,scp44,1000,0,penalty,ils,1000,10000000,494,True,9,500,,10000000
scp_orlib,scp44,1000,0,penalty,ils,1000,10000000,494,True,10,513,,10000000
scp_orlib,scp44,1000,0,penalty,ils,1000,10000000,494,True,11,505,,10000000
scp_orlib,scp44,1000,0,penalty,ils,1000,10000000,494,True,12,536,,10000000
scp_orlib,scp44,1000,0,penalty,ils,1000,10000000,494,True,13,527,,10000000
scp_orlib,scp44,1000,0,penalty,ils,1000,10000000,494,True,14,510,,10000000
scp_orlib,scp44,1000,0,penalty,ils,1000,10000000,494,True,15,509,,10000000
scp_orlib,scp44,1000,0,penalty,ils,1000,10000000,494,True,16,529,,10000000
scp_orlib,scp44,1000,0,penalty,ils,1000,10000000,494,True,17,503,,10000000
scp_orlib,scp44,1000,0,penalty,ils,1000,10000000,494,True,18,527,,10000000
scp_orlib,scp44,1000,0,penalty,ils,1000,10000000,494,True,19,509,,10000000
scp_orlib,scp44,1000,0,penalty,ils,1000,10000000,494,True,20,505,,10000000
scp_orlib,scp44,1000,0,penalty,ils,1000,10000000,494,True,21,512,,10000000
scp_orlib,scp44,1000,0,penalty,ils,1000,10000000,494,True,22,514,,10000000
scp_orlib,scp44,1000,0,penalty,ils,1000,10000000,494,True,23,514,,10000000
scp_orlib,scp44,1000,0,penalty,ils,1000,10000000,494,True,24,502,,10000000
scp_orlib,scp44,1000,0,penalty,ils,1000,10000000,494,True,25,502,,10000000
scp_orlib,scp44,1000,0,penalty,ils,1000,10000000,494,True,26,500,,10000000
scp_orlib,scp44,1000,0,penalty,ils,1000,10000000,494,True,27,513,,10000000
scp_orlib,scp44,1000,0,penalty,ils,1000,10000000,494,True,28,503,,10000000
scp_orlib,scp44,1000,0,penalty,ils,1000,10000000,494,True,29,506,,10000000
scp_orlib,scp44,1000,0,penalty,ils,1000,10000000,494,True,30,506,,10000000
scp_orlib,scp44,1000,0,penalty,mpoa,1000,10000000,494,True,0,6034,,10000000
scp_orlib,scp44,1000,0,penalty,mpoa,1000,10000000,494,True,1,6149,,10000000
scp_orlib,scp44,1000,0,penalty,mpoa,1000,10000000,494,True,2,5247,,10000000
scp_orlib,scp44,1000,0,penalty,mpoa,1000,10000000,494,True,3,5983,,10000000
scp_orlib,scp44,1000,0,penalty,mpoa,1000,10000000,494,True,4,5141,,10000000
scp_orlib,scp44,1000,0,penalty,mpoa,1000,10000000,494,True,5,5950,,10000000
scp_orlib,scp44,1000,0,penalty,mpoa,1000,10000000,494,True,6,5353,,10000000
scp_orlib,scp44,1000,0,penalty,mpoa,1000,10000000,494,True,7,5955,,10000000
scp_orlib,scp44,1000,0,penalty,mpoa,1000,10000000,494,True,8,5395,,10000000
scp_orlib,scp44,1000,0,penalty,mpoa,1000,10000000,494,True,9,5478,,10000000
scp_orlib,scp44,1000,0,penalty,mpoa,1000,10000000,494,True,10,4969,,10000000
scp_orlib,scp44,1000,0,penalty,mpoa,1000,10000000,494,True,11,6117,,10000000
scp_orlib,scp44,1000,0,penalty,mpoa,1000,10000000,494,True,12,5469,,10000000
scp_orlib,scp44,1000,0,penalty,mpoa,1000,10000000,494,True,13,5823,,10000000
scp_orlib,scp44,1000,0,penalty,mpoa,1000,10000000,494,True,14,4842,,10000000
scp_orlib,scp44,1000,0,penalty,mpoa,1000,10000000,494,True,15,5064,,10000000
scp_orlib,scp44,1000,0,penalty,mpoa,1000,10000000,494,True,16,5755,,10000000
scp_orlib,scp44,1000,0,penalty,mpoa,1000,10000000,494,True,17,5600,,10000000
scp_orlib,scp44,1000,0,penalty,mpoa,1000,10000000,494,True,18,4679,,10000000
scp_orlib,scp44,1000,0,penalty,mpoa,1000,10000000,494,True,19,5638,,10000000
scp_orlib,scp44,1000,0,penalty,mpoa,1000,10000000,494,True,20,5319,,10000000
scp_orlib,scp44,1000,0,penalty,mpoa,1000,10000000,494,True,21,5621,,10000000
scp_orlib,scp44,1000,0,penalty,mpoa,1000,10000000,494,True,22,5844,,10000000
scp_orlib,scp44,1000,0,penalty,mpoa,1000,10000000,494,True,23,4768,,10000000
scp_orlib,scp44,1000,0,penalty,mpoa,1000,10000000,494,True,24,4665,,10000000
scp_orlib,scp44,1000,0,penalty,mpoa,1000,10000000,494,True,25,5000,,10000000
scp_orlib,scp44,1000,0,penalty,mpoa,1000,10000000,494,True,26,5562,,10000000
scp_orlib,scp44,1000,0,penalty,mpoa,1000,10000000,494,True,27,5447,,10000000
scp_orlib,scp44,1000,0,penalty,mpoa,1000,10000000,494,True,28,4849,,10000000
scp_orlib,scp44,1000,0,penalty,mpoa,1000,10000000,494,True,29,5770,,10000000
scp_orlib,scp44,1000,0,penalty,mpoa,1000,10000000,494,True,30,6287,,10000000
scp_orlib,scp45,1000,0,penalty,floor,1000,10000000,512,True,0,916,,10000000
scp_orlib,scp45,1000,0,penalty,floor,1000,10000000,512,True,1,885,,10000000
scp_orlib,scp45,1000,0,penalty,floor,1000,10000000,512,True,2,901,,10000000
scp_orlib,scp45,1000,0,penalty,floor,1000,10000000,512,True,3,884,,10000000
scp_orlib,scp45,1000,0,penalty,floor,1000,10000000,512,True,4,882,,10000000
scp_orlib,scp45,1000,0,penalty,floor,1000,10000000,512,True,5,807,,10000000
scp_orlib,scp45,1000,0,penalty,floor,1000,10000000,512,True,6,907,,10000000
scp_orlib,scp45,1000,0,penalty,floor,1000,10000000,512,True,7,882,,10000000
scp_orlib,scp45,1000,0,penalty,floor,1000,10000000,512,True,8,873,,10000000
scp_orlib,scp45,1000,0,penalty,floor,1000,10000000,512,True,9,850,,10000000
scp_orlib,scp45,1000,0,penalty,floor,1000,10000000,512,True,10,893,,10000000
scp_orlib,scp45,1000,0,penalty,floor,1000,10000000,512,True,11,932,,10000000
scp_orlib,scp45,1000,0,penalty,floor,1000,10000000,512,True,12,889,,10000000
scp_orlib,scp45,1000,0,penalty,floor,1000,10000000,512,True,13,842,,10000000
scp_orlib,scp45,1000,0,penalty,floor,1000,10000000,512,True,14,955,,10000000
scp_orlib,scp45,1000,0,penalty,floor,1000,10000000,512,True,15,883,,10000000
scp_orlib,scp45,1000,0,penalty,floor,1000,10000000,512,True,16,847,,10000000
scp_orlib,scp45,1000,0,penalty,floor,1000,10000000,512,True,17,833,,10000000
scp_orlib,scp45,1000,0,penalty,floor,1000,10000000,512,True,18,879,,10000000
scp_orlib,scp45,1000,0,penalty,floor,1000,10000000,512,True,19,891,,10000000
scp_orlib,scp45,1000,0,penalty,floor,1000,10000000,512,True,20,902,,10000000
scp_orlib,scp45,1000,0,penalty,floor,1000,10000000,512,True,21,839,,10000000
scp_orlib,scp45,1000,0,penalty,floor,1000,10000000,512,True,22,923,,10000000
scp_orlib,scp45,1000,0,penalty,floor,1000,10000000,512,True,23,918,,10000000
scp_orlib,scp45,1000,0,penalty,floor,1000,10000000,512,True,24,833,,10000000
scp_orlib,scp45,1000,0,penalty,floor,1000,10000000,512,True,25,925,,10000000
scp_orlib,scp45,1000,0,penalty,floor,1000,10000000,512,True,26,921,,10000000
scp_orlib,scp45,1000,0,penalty,floor,1000,10000000,512,True,27,783,,10000000
scp_orlib,scp45,1000,0,penalty,floor,1000,10000000,512,True,28,873,,10000000
scp_orlib,scp45,1000,0,penalty,floor,1000,10000000,512,True,29,817,,10000000
scp_orlib,scp45,1000,0,penalty,floor,1000,10000000,512,True,30,845,,10000000
scp_orlib,scp45,1000,0,penalty,ils,1000,10000000,512,True,0,526,,10000000
scp_orlib,scp45,1000,0,penalty,ils,1000,10000000,512,True,1,525,,10000000
scp_orlib,scp45,1000,0,penalty,ils,1000,10000000,512,True,2,524,,10000000
scp_orlib,scp45,1000,0,penalty,ils,1000,10000000,512,True,3,518,,10000000
scp_orlib,scp45,1000,0,penalty,ils,1000,10000000,512,True,4,518,,10000000
scp_orlib,scp45,1000,0,penalty,ils,1000,10000000,512,True,5,521,,10000000
scp_orlib,scp45,1000,0,penalty,ils,1000,10000000,512,True,6,518,,10000000
scp_orlib,scp45,1000,0,penalty,ils,1000,10000000,512,True,7,524,,10000000
scp_orlib,scp45,1000,0,penalty,ils,1000,10000000,512,True,8,534,,10000000
scp_orlib,scp45,1000,0,penalty,ils,1000,10000000,512,True,9,518,,10000000
scp_orlib,scp45,1000,0,penalty,ils,1000,10000000,512,True,10,518,,10000000
scp_orlib,scp45,1000,0,penalty,ils,1000,10000000,512,True,11,517,,10000000
scp_orlib,scp45,1000,0,penalty,ils,1000,10000000,512,True,12,523,,10000000
scp_orlib,scp45,1000,0,penalty,ils,1000,10000000,512,True,13,517,,10000000
scp_orlib,scp45,1000,0,penalty,ils,1000,10000000,512,True,14,517,,10000000
scp_orlib,scp45,1000,0,penalty,ils,1000,10000000,512,True,15,534,,10000000
scp_orlib,scp45,1000,0,penalty,ils,1000,10000000,512,True,16,518,,10000000
scp_orlib,scp45,1000,0,penalty,ils,1000,10000000,512,True,17,517,,10000000
scp_orlib,scp45,1000,0,penalty,ils,1000,10000000,512,True,18,525,,10000000
scp_orlib,scp45,1000,0,penalty,ils,1000,10000000,512,True,19,525,,10000000
scp_orlib,scp45,1000,0,penalty,ils,1000,10000000,512,True,20,518,,10000000
scp_orlib,scp45,1000,0,penalty,ils,1000,10000000,512,True,21,526,,10000000
scp_orlib,scp45,1000,0,penalty,ils,1000,10000000,512,True,22,518,,10000000
scp_orlib,scp45,1000,0,penalty,ils,1000,10000000,512,True,23,527,,10000000
scp_orlib,scp45,1000,0,penalty,ils,1000,10000000,512,True,24,518,,10000000
scp_orlib,scp45,1000,0,penalty,ils,1000,10000000,512,True,25,526,,10000000
scp_orlib,scp45,1000,0,penalty,ils,1000,10000000,512,True,26,523,,10000000
scp_orlib,scp45,1000,0,penalty,ils,1000,10000000,512,True,27,518,,10000000
scp_orlib,scp45,1000,0,penalty,ils,1000,10000000,512,True,28,526,,10000000
scp_orlib,scp45,1000,0,penalty,ils,1000,10000000,512,True,29,531,,10000000
scp_orlib,scp45,1000,0,penalty,ils,1000,10000000,512,True,30,518,,10000000
scp_orlib,scp45,1000,0,penalty,mpoa,1000,10000000,512,True,0,5076,,10000000
scp_orlib,scp45,1000,0,penalty,mpoa,1000,10000000,512,True,1,5204,,10000000
scp_orlib,scp45,1000,0,penalty,mpoa,1000,10000000,512,True,2,5067,,10000000
scp_orlib,scp45,1000,0,penalty,mpoa,1000,10000000,512,True,3,4900,,10000000
scp_orlib,scp45,1000,0,penalty,mpoa,1000,10000000,512,True,4,5747,,10000000
scp_orlib,scp45,1000,0,penalty,mpoa,1000,10000000,512,True,5,6236,,10000000
scp_orlib,scp45,1000,0,penalty,mpoa,1000,10000000,512,True,6,5499,,10000000
scp_orlib,scp45,1000,0,penalty,mpoa,1000,10000000,512,True,7,6140,,10000000
scp_orlib,scp45,1000,0,penalty,mpoa,1000,10000000,512,True,8,4976,,10000000
scp_orlib,scp45,1000,0,penalty,mpoa,1000,10000000,512,True,9,4875,,10000000
scp_orlib,scp45,1000,0,penalty,mpoa,1000,10000000,512,True,10,5164,,10000000
scp_orlib,scp45,1000,0,penalty,mpoa,1000,10000000,512,True,11,5260,,10000000
scp_orlib,scp45,1000,0,penalty,mpoa,1000,10000000,512,True,12,5567,,10000000
scp_orlib,scp45,1000,0,penalty,mpoa,1000,10000000,512,True,13,4782,,10000000
scp_orlib,scp45,1000,0,penalty,mpoa,1000,10000000,512,True,14,4887,,10000000
scp_orlib,scp45,1000,0,penalty,mpoa,1000,10000000,512,True,15,5729,,10000000
scp_orlib,scp45,1000,0,penalty,mpoa,1000,10000000,512,True,16,5786,,10000000
scp_orlib,scp45,1000,0,penalty,mpoa,1000,10000000,512,True,17,5418,,10000000
scp_orlib,scp45,1000,0,penalty,mpoa,1000,10000000,512,True,18,5790,,10000000
scp_orlib,scp45,1000,0,penalty,mpoa,1000,10000000,512,True,19,5315,,10000000
scp_orlib,scp45,1000,0,penalty,mpoa,1000,10000000,512,True,20,6245,,10000000
scp_orlib,scp45,1000,0,penalty,mpoa,1000,10000000,512,True,21,5671,,10000000
scp_orlib,scp45,1000,0,penalty,mpoa,1000,10000000,512,True,22,5759,,10000000
scp_orlib,scp45,1000,0,penalty,mpoa,1000,10000000,512,True,23,5391,,10000000
scp_orlib,scp45,1000,0,penalty,mpoa,1000,10000000,512,True,24,5538,,10000000
scp_orlib,scp45,1000,0,penalty,mpoa,1000,10000000,512,True,25,4953,,10000000
scp_orlib,scp45,1000,0,penalty,mpoa,1000,10000000,512,True,26,5290,,10000000
scp_orlib,scp45,1000,0,penalty,mpoa,1000,10000000,512,True,27,6085,,10000000
scp_orlib,scp45,1000,0,penalty,mpoa,1000,10000000,512,True,28,4727,,10000000
scp_orlib,scp45,1000,0,penalty,mpoa,1000,10000000,512,True,29,4977,,10000000
scp_orlib,scp45,1000,0,penalty,mpoa,1000,10000000,512,True,30,5449,,10000000
scp_orlib,scp46,1000,0,penalty,floor,1000,10000000,560,True,0,1000,,10000000
scp_orlib,scp46,1000,0,penalty,floor,1000,10000000,560,True,1,945,,10000000
scp_orlib,scp46,1000,0,penalty,floor,1000,10000000,560,True,2,966,,10000000
scp_orlib,scp46,1000,0,penalty,floor,1000,10000000,560,True,3,937,,10000000
scp_orlib,scp46,1000,0,penalty,floor,1000,10000000,560,True,4,938,,10000000
scp_orlib,scp46,1000,0,penalty,floor,1000,10000000,560,True,5,879,,10000000
scp_orlib,scp46,1000,0,penalty,floor,1000,10000000,560,True,6,952,,10000000
scp_orlib,scp46,1000,0,penalty,floor,1000,10000000,560,True,7,920,,10000000
scp_orlib,scp46,1000,0,penalty,floor,1000,10000000,560,True,8,982,,10000000
scp_orlib,scp46,1000,0,penalty,floor,1000,10000000,560,True,9,1005,,10000000
scp_orlib,scp46,1000,0,penalty,floor,1000,10000000,560,True,10,894,,10000000
scp_orlib,scp46,1000,0,penalty,floor,1000,10000000,560,True,11,1014,,10000000
scp_orlib,scp46,1000,0,penalty,floor,1000,10000000,560,True,12,996,,10000000
scp_orlib,scp46,1000,0,penalty,floor,1000,10000000,560,True,13,910,,10000000
scp_orlib,scp46,1000,0,penalty,floor,1000,10000000,560,True,14,978,,10000000
scp_orlib,scp46,1000,0,penalty,floor,1000,10000000,560,True,15,891,,10000000
scp_orlib,scp46,1000,0,penalty,floor,1000,10000000,560,True,16,984,,10000000
scp_orlib,scp46,1000,0,penalty,floor,1000,10000000,560,True,17,980,,10000000
scp_orlib,scp46,1000,0,penalty,floor,1000,10000000,560,True,18,953,,10000000
scp_orlib,scp46,1000,0,penalty,floor,1000,10000000,560,True,19,860,,10000000
scp_orlib,scp46,1000,0,penalty,floor,1000,10000000,560,True,20,926,,10000000
scp_orlib,scp46,1000,0,penalty,floor,1000,10000000,560,True,21,987,,10000000
scp_orlib,scp46,1000,0,penalty,floor,1000,10000000,560,True,22,938,,10000000
scp_orlib,scp46,1000,0,penalty,floor,1000,10000000,560,True,23,983,,10000000
scp_orlib,scp46,1000,0,penalty,floor,1000,10000000,560,True,24,977,,10000000
scp_orlib,scp46,1000,0,penalty,floor,1000,10000000,560,True,25,996,,10000000
scp_orlib,scp46,1000,0,penalty,floor,1000,10000000,560,True,26,967,,10000000
scp_orlib,scp46,1000,0,penalty,floor,1000,10000000,560,True,27,806,,10000000
scp_orlib,scp46,1000,0,penalty,floor,1000,10000000,560,True,28,968,,10000000
scp_orlib,scp46,1000,0,penalty,floor,1000,10000000,560,True,29,938,,10000000
scp_orlib,scp46,1000,0,penalty,floor,1000,10000000,560,True,30,915,,10000000
scp_orlib,scp46,1000,0,penalty,ils,1000,10000000,560,True,0,586,,10000000
scp_orlib,scp46,1000,0,penalty,ils,1000,10000000,560,True,1,569,,10000000
scp_orlib,scp46,1000,0,penalty,ils,1000,10000000,560,True,2,587,,10000000
scp_orlib,scp46,1000,0,penalty,ils,1000,10000000,560,True,3,598,,10000000
scp_orlib,scp46,1000,0,penalty,ils,1000,10000000,560,True,4,589,,10000000
scp_orlib,scp46,1000,0,penalty,ils,1000,10000000,560,True,5,594,,10000000
scp_orlib,scp46,1000,0,penalty,ils,1000,10000000,560,True,6,576,,10000000
scp_orlib,scp46,1000,0,penalty,ils,1000,10000000,560,True,7,562,,10000000
scp_orlib,scp46,1000,0,penalty,ils,1000,10000000,560,True,8,563,,10000000
scp_orlib,scp46,1000,0,penalty,ils,1000,10000000,560,True,9,578,,10000000
scp_orlib,scp46,1000,0,penalty,ils,1000,10000000,560,True,10,580,,10000000
scp_orlib,scp46,1000,0,penalty,ils,1000,10000000,560,True,11,576,,10000000
scp_orlib,scp46,1000,0,penalty,ils,1000,10000000,560,True,12,585,,10000000
scp_orlib,scp46,1000,0,penalty,ils,1000,10000000,560,True,13,582,,10000000
scp_orlib,scp46,1000,0,penalty,ils,1000,10000000,560,True,14,572,,10000000
scp_orlib,scp46,1000,0,penalty,ils,1000,10000000,560,True,15,571,,10000000
scp_orlib,scp46,1000,0,penalty,ils,1000,10000000,560,True,16,604,,10000000
scp_orlib,scp46,1000,0,penalty,ils,1000,10000000,560,True,17,579,,10000000
scp_orlib,scp46,1000,0,penalty,ils,1000,10000000,560,True,18,568,,10000000
scp_orlib,scp46,1000,0,penalty,ils,1000,10000000,560,True,19,582,,10000000
scp_orlib,scp46,1000,0,penalty,ils,1000,10000000,560,True,20,564,,10000000
scp_orlib,scp46,1000,0,penalty,ils,1000,10000000,560,True,21,580,,10000000
scp_orlib,scp46,1000,0,penalty,ils,1000,10000000,560,True,22,564,,10000000
scp_orlib,scp46,1000,0,penalty,ils,1000,10000000,560,True,23,562,,10000000
scp_orlib,scp46,1000,0,penalty,ils,1000,10000000,560,True,24,567,,10000000
scp_orlib,scp46,1000,0,penalty,ils,1000,10000000,560,True,25,585,,10000000
scp_orlib,scp46,1000,0,penalty,ils,1000,10000000,560,True,26,579,,10000000
scp_orlib,scp46,1000,0,penalty,ils,1000,10000000,560,True,27,567,,10000000
scp_orlib,scp46,1000,0,penalty,ils,1000,10000000,560,True,28,584,,10000000
scp_orlib,scp46,1000,0,penalty,ils,1000,10000000,560,True,29,588,,10000000
scp_orlib,scp46,1000,0,penalty,ils,1000,10000000,560,True,30,579,,10000000
scp_orlib,scp46,1000,0,penalty,mpoa,1000,10000000,560,True,0,4965,,10000000
scp_orlib,scp46,1000,0,penalty,mpoa,1000,10000000,560,True,1,4903,,10000000
scp_orlib,scp46,1000,0,penalty,mpoa,1000,10000000,560,True,2,5274,,10000000
scp_orlib,scp46,1000,0,penalty,mpoa,1000,10000000,560,True,3,5147,,10000000
scp_orlib,scp46,1000,0,penalty,mpoa,1000,10000000,560,True,4,5317,,10000000
scp_orlib,scp46,1000,0,penalty,mpoa,1000,10000000,560,True,5,4916,,10000000
scp_orlib,scp46,1000,0,penalty,mpoa,1000,10000000,560,True,6,5209,,10000000
scp_orlib,scp46,1000,0,penalty,mpoa,1000,10000000,560,True,7,6187,,10000000
scp_orlib,scp46,1000,0,penalty,mpoa,1000,10000000,560,True,8,5766,,10000000
scp_orlib,scp46,1000,0,penalty,mpoa,1000,10000000,560,True,9,5042,,10000000
scp_orlib,scp46,1000,0,penalty,mpoa,1000,10000000,560,True,10,5113,,10000000
scp_orlib,scp46,1000,0,penalty,mpoa,1000,10000000,560,True,11,4512,,10000000
scp_orlib,scp46,1000,0,penalty,mpoa,1000,10000000,560,True,12,5297,,10000000
scp_orlib,scp46,1000,0,penalty,mpoa,1000,10000000,560,True,13,4962,,10000000
scp_orlib,scp46,1000,0,penalty,mpoa,1000,10000000,560,True,14,4856,,10000000
scp_orlib,scp46,1000,0,penalty,mpoa,1000,10000000,560,True,15,5130,,10000000
scp_orlib,scp46,1000,0,penalty,mpoa,1000,10000000,560,True,16,5419,,10000000
scp_orlib,scp46,1000,0,penalty,mpoa,1000,10000000,560,True,17,5264,,10000000
scp_orlib,scp46,1000,0,penalty,mpoa,1000,10000000,560,True,18,5330,,10000000
scp_orlib,scp46,1000,0,penalty,mpoa,1000,10000000,560,True,19,6182,,10000000
scp_orlib,scp46,1000,0,penalty,mpoa,1000,10000000,560,True,20,5190,,10000000
scp_orlib,scp46,1000,0,penalty,mpoa,1000,10000000,560,True,21,5726,,10000000
scp_orlib,scp46,1000,0,penalty,mpoa,1000,10000000,560,True,22,6343,,10000000
scp_orlib,scp46,1000,0,penalty,mpoa,1000,10000000,560,True,23,5005,,10000000
scp_orlib,scp46,1000,0,penalty,mpoa,1000,10000000,560,True,24,5552,,10000000
scp_orlib,scp46,1000,0,penalty,mpoa,1000,10000000,560,True,25,4688,,10000000
scp_orlib,scp46,1000,0,penalty,mpoa,1000,10000000,560,True,26,5411,,10000000
scp_orlib,scp46,1000,0,penalty,mpoa,1000,10000000,560,True,27,5845,,10000000
scp_orlib,scp46,1000,0,penalty,mpoa,1000,10000000,560,True,28,5044,,10000000
scp_orlib,scp46,1000,0,penalty,mpoa,1000,10000000,560,True,29,5715,,10000000
scp_orlib,scp46,1000,0,penalty,mpoa,1000,10000000,560,True,30,5083,,10000000
scp_orlib,scp47,1000,0,penalty,floor,1000,10000000,430,True,0,907,,10000000
scp_orlib,scp47,1000,0,penalty,floor,1000,10000000,430,True,1,831,,10000000
scp_orlib,scp47,1000,0,penalty,floor,1000,10000000,430,True,2,859,,10000000
scp_orlib,scp47,1000,0,penalty,floor,1000,10000000,430,True,3,801,,10000000
scp_orlib,scp47,1000,0,penalty,floor,1000,10000000,430,True,4,840,,10000000
scp_orlib,scp47,1000,0,penalty,floor,1000,10000000,430,True,5,808,,10000000
scp_orlib,scp47,1000,0,penalty,floor,1000,10000000,430,True,6,849,,10000000
scp_orlib,scp47,1000,0,penalty,floor,1000,10000000,430,True,7,800,,10000000
scp_orlib,scp47,1000,0,penalty,floor,1000,10000000,430,True,8,838,,10000000
scp_orlib,scp47,1000,0,penalty,floor,1000,10000000,430,True,9,885,,10000000
scp_orlib,scp47,1000,0,penalty,floor,1000,10000000,430,True,10,783,,10000000
scp_orlib,scp47,1000,0,penalty,floor,1000,10000000,430,True,11,887,,10000000
scp_orlib,scp47,1000,0,penalty,floor,1000,10000000,430,True,12,861,,10000000
scp_orlib,scp47,1000,0,penalty,floor,1000,10000000,430,True,13,869,,10000000
scp_orlib,scp47,1000,0,penalty,floor,1000,10000000,430,True,14,843,,10000000
scp_orlib,scp47,1000,0,penalty,floor,1000,10000000,430,True,15,902,,10000000
scp_orlib,scp47,1000,0,penalty,floor,1000,10000000,430,True,16,917,,10000000
scp_orlib,scp47,1000,0,penalty,floor,1000,10000000,430,True,17,830,,10000000
scp_orlib,scp47,1000,0,penalty,floor,1000,10000000,430,True,18,882,,10000000
scp_orlib,scp47,1000,0,penalty,floor,1000,10000000,430,True,19,791,,10000000
scp_orlib,scp47,1000,0,penalty,floor,1000,10000000,430,True,20,806,,10000000
scp_orlib,scp47,1000,0,penalty,floor,1000,10000000,430,True,21,785,,10000000
scp_orlib,scp47,1000,0,penalty,floor,1000,10000000,430,True,22,838,,10000000
scp_orlib,scp47,1000,0,penalty,floor,1000,10000000,430,True,23,850,,10000000
scp_orlib,scp47,1000,0,penalty,floor,1000,10000000,430,True,24,824,,10000000
scp_orlib,scp47,1000,0,penalty,floor,1000,10000000,430,True,25,848,,10000000
scp_orlib,scp47,1000,0,penalty,floor,1000,10000000,430,True,26,822,,10000000
scp_orlib,scp47,1000,0,penalty,floor,1000,10000000,430,True,27,830,,10000000
scp_orlib,scp47,1000,0,penalty,floor,1000,10000000,430,True,28,831,,10000000
scp_orlib,scp47,1000,0,penalty,floor,1000,10000000,430,True,29,816,,10000000
scp_orlib,scp47,1000,0,penalty,floor,1000,10000000,430,True,30,789,,10000000
scp_orlib,scp47,1000,0,penalty,ils,1000,10000000,430,True,0,441,,10000000
scp_orlib,scp47,1000,0,penalty,ils,1000,10000000,430,True,1,440,,10000000
scp_orlib,scp47,1000,0,penalty,ils,1000,10000000,430,True,2,434,,10000000
scp_orlib,scp47,1000,0,penalty,ils,1000,10000000,430,True,3,434,,10000000
scp_orlib,scp47,1000,0,penalty,ils,1000,10000000,430,True,4,432,,10000000
scp_orlib,scp47,1000,0,penalty,ils,1000,10000000,430,True,5,439,,10000000
scp_orlib,scp47,1000,0,penalty,ils,1000,10000000,430,True,6,434,,10000000
scp_orlib,scp47,1000,0,penalty,ils,1000,10000000,430,True,7,434,,10000000
scp_orlib,scp47,1000,0,penalty,ils,1000,10000000,430,True,8,440,,10000000
scp_orlib,scp47,1000,0,penalty,ils,1000,10000000,430,True,9,435,,10000000
scp_orlib,scp47,1000,0,penalty,ils,1000,10000000,430,True,10,434,,10000000
scp_orlib,scp47,1000,0,penalty,ils,1000,10000000,430,True,11,434,,10000000
scp_orlib,scp47,1000,0,penalty,ils,1000,10000000,430,True,12,439,,10000000
scp_orlib,scp47,1000,0,penalty,ils,1000,10000000,430,True,13,443,,10000000
scp_orlib,scp47,1000,0,penalty,ils,1000,10000000,430,True,14,434,,10000000
scp_orlib,scp47,1000,0,penalty,ils,1000,10000000,430,True,15,439,,10000000
scp_orlib,scp47,1000,0,penalty,ils,1000,10000000,430,True,16,434,,10000000
scp_orlib,scp47,1000,0,penalty,ils,1000,10000000,430,True,17,434,,10000000
scp_orlib,scp47,1000,0,penalty,ils,1000,10000000,430,True,18,432,,10000000
scp_orlib,scp47,1000,0,penalty,ils,1000,10000000,430,True,19,434,,10000000
scp_orlib,scp47,1000,0,penalty,ils,1000,10000000,430,True,20,434,,10000000
scp_orlib,scp47,1000,0,penalty,ils,1000,10000000,430,True,21,434,,10000000
scp_orlib,scp47,1000,0,penalty,ils,1000,10000000,430,True,22,434,,10000000
scp_orlib,scp47,1000,0,penalty,ils,1000,10000000,430,True,23,442,,10000000
scp_orlib,scp47,1000,0,penalty,ils,1000,10000000,430,True,24,432,,10000000
scp_orlib,scp47,1000,0,penalty,ils,1000,10000000,430,True,25,439,,10000000
scp_orlib,scp47,1000,0,penalty,ils,1000,10000000,430,True,26,439,,10000000
scp_orlib,scp47,1000,0,penalty,ils,1000,10000000,430,True,27,440,,10000000
scp_orlib,scp47,1000,0,penalty,ils,1000,10000000,430,True,28,441,,10000000
scp_orlib,scp47,1000,0,penalty,ils,1000,10000000,430,True,29,440,,10000000
scp_orlib,scp47,1000,0,penalty,ils,1000,10000000,430,True,30,454,,10000000
scp_orlib,scp47,1000,0,penalty,mpoa,1000,10000000,430,True,0,5562,,10000000
scp_orlib,scp47,1000,0,penalty,mpoa,1000,10000000,430,True,1,5343,,10000000
scp_orlib,scp47,1000,0,penalty,mpoa,1000,10000000,430,True,2,5047,,10000000
scp_orlib,scp47,1000,0,penalty,mpoa,1000,10000000,430,True,3,5754,,10000000
scp_orlib,scp47,1000,0,penalty,mpoa,1000,10000000,430,True,4,4856,,10000000
scp_orlib,scp47,1000,0,penalty,mpoa,1000,10000000,430,True,5,6031,,10000000
scp_orlib,scp47,1000,0,penalty,mpoa,1000,10000000,430,True,6,5132,,10000000
scp_orlib,scp47,1000,0,penalty,mpoa,1000,10000000,430,True,7,5626,,10000000
scp_orlib,scp47,1000,0,penalty,mpoa,1000,10000000,430,True,8,5625,,10000000
scp_orlib,scp47,1000,0,penalty,mpoa,1000,10000000,430,True,9,5958,,10000000
scp_orlib,scp47,1000,0,penalty,mpoa,1000,10000000,430,True,10,4467,,10000000
scp_orlib,scp47,1000,0,penalty,mpoa,1000,10000000,430,True,11,5013,,10000000
scp_orlib,scp47,1000,0,penalty,mpoa,1000,10000000,430,True,12,5397,,10000000
scp_orlib,scp47,1000,0,penalty,mpoa,1000,10000000,430,True,13,5211,,10000000
scp_orlib,scp47,1000,0,penalty,mpoa,1000,10000000,430,True,14,5581,,10000000
scp_orlib,scp47,1000,0,penalty,mpoa,1000,10000000,430,True,15,5176,,10000000
scp_orlib,scp47,1000,0,penalty,mpoa,1000,10000000,430,True,16,5676,,10000000
scp_orlib,scp47,1000,0,penalty,mpoa,1000,10000000,430,True,17,5072,,10000000
scp_orlib,scp47,1000,0,penalty,mpoa,1000,10000000,430,True,18,5900,,10000000
scp_orlib,scp47,1000,0,penalty,mpoa,1000,10000000,430,True,19,5494,,10000000
scp_orlib,scp47,1000,0,penalty,mpoa,1000,10000000,430,True,20,5850,,10000000
scp_orlib,scp47,1000,0,penalty,mpoa,1000,10000000,430,True,21,5446,,10000000
scp_orlib,scp47,1000,0,penalty,mpoa,1000,10000000,430,True,22,5951,,10000000
scp_orlib,scp47,1000,0,penalty,mpoa,1000,10000000,430,True,23,5351,,10000000
scp_orlib,scp47,1000,0,penalty,mpoa,1000,10000000,430,True,24,4866,,10000000
scp_orlib,scp47,1000,0,penalty,mpoa,1000,10000000,430,True,25,5887,,10000000
scp_orlib,scp47,1000,0,penalty,mpoa,1000,10000000,430,True,26,5059,,10000000
scp_orlib,scp47,1000,0,penalty,mpoa,1000,10000000,430,True,27,5217,,10000000
scp_orlib,scp47,1000,0,penalty,mpoa,1000,10000000,430,True,28,5155,,10000000
scp_orlib,scp47,1000,0,penalty,mpoa,1000,10000000,430,True,29,4622,,10000000
scp_orlib,scp47,1000,0,penalty,mpoa,1000,10000000,430,True,30,6237,,10000000
scp_orlib,scp48,1000,0,penalty,floor,1000,10000000,492,True,0,916,,10000000
scp_orlib,scp48,1000,0,penalty,floor,1000,10000000,492,True,1,883,,10000000
scp_orlib,scp48,1000,0,penalty,floor,1000,10000000,492,True,2,893,,10000000
scp_orlib,scp48,1000,0,penalty,floor,1000,10000000,492,True,3,833,,10000000
scp_orlib,scp48,1000,0,penalty,floor,1000,10000000,492,True,4,892,,10000000
scp_orlib,scp48,1000,0,penalty,floor,1000,10000000,492,True,5,878,,10000000
scp_orlib,scp48,1000,0,penalty,floor,1000,10000000,492,True,6,939,,10000000
scp_orlib,scp48,1000,0,penalty,floor,1000,10000000,492,True,7,868,,10000000
scp_orlib,scp48,1000,0,penalty,floor,1000,10000000,492,True,8,977,,10000000
scp_orlib,scp48,1000,0,penalty,floor,1000,10000000,492,True,9,938,,10000000
scp_orlib,scp48,1000,0,penalty,floor,1000,10000000,492,True,10,1020,,10000000
scp_orlib,scp48,1000,0,penalty,floor,1000,10000000,492,True,11,931,,10000000
scp_orlib,scp48,1000,0,penalty,floor,1000,10000000,492,True,12,922,,10000000
scp_orlib,scp48,1000,0,penalty,floor,1000,10000000,492,True,13,925,,10000000
scp_orlib,scp48,1000,0,penalty,floor,1000,10000000,492,True,14,969,,10000000
scp_orlib,scp48,1000,0,penalty,floor,1000,10000000,492,True,15,891,,10000000
scp_orlib,scp48,1000,0,penalty,floor,1000,10000000,492,True,16,852,,10000000
scp_orlib,scp48,1000,0,penalty,floor,1000,10000000,492,True,17,871,,10000000
scp_orlib,scp48,1000,0,penalty,floor,1000,10000000,492,True,18,860,,10000000
scp_orlib,scp48,1000,0,penalty,floor,1000,10000000,492,True,19,846,,10000000
scp_orlib,scp48,1000,0,penalty,floor,1000,10000000,492,True,20,880,,10000000
scp_orlib,scp48,1000,0,penalty,floor,1000,10000000,492,True,21,861,,10000000
scp_orlib,scp48,1000,0,penalty,floor,1000,10000000,492,True,22,934,,10000000
scp_orlib,scp48,1000,0,penalty,floor,1000,10000000,492,True,23,908,,10000000
scp_orlib,scp48,1000,0,penalty,floor,1000,10000000,492,True,24,961,,10000000
scp_orlib,scp48,1000,0,penalty,floor,1000,10000000,492,True,25,1014,,10000000
scp_orlib,scp48,1000,0,penalty,floor,1000,10000000,492,True,26,884,,10000000
scp_orlib,scp48,1000,0,penalty,floor,1000,10000000,492,True,27,800,,10000000
scp_orlib,scp48,1000,0,penalty,floor,1000,10000000,492,True,28,914,,10000000
scp_orlib,scp48,1000,0,penalty,floor,1000,10000000,492,True,29,933,,10000000
scp_orlib,scp48,1000,0,penalty,floor,1000,10000000,492,True,30,913,,10000000
scp_orlib,scp48,1000,0,penalty,ils,1000,10000000,492,True,0,503,,10000000
scp_orlib,scp48,1000,0,penalty,ils,1000,10000000,492,True,1,505,,10000000
scp_orlib,scp48,1000,0,penalty,ils,1000,10000000,492,True,2,499,,10000000
scp_orlib,scp48,1000,0,penalty,ils,1000,10000000,492,True,3,497,,10000000
scp_orlib,scp48,1000,0,penalty,ils,1000,10000000,492,True,4,505,,10000000
scp_orlib,scp48,1000,0,penalty,ils,1000,10000000,492,True,5,516,,10000000
scp_orlib,scp48,1000,0,penalty,ils,1000,10000000,492,True,6,505,,10000000
scp_orlib,scp48,1000,0,penalty,ils,1000,10000000,492,True,7,503,,10000000
scp_orlib,scp48,1000,0,penalty,ils,1000,10000000,492,True,8,508,,10000000
scp_orlib,scp48,1000,0,penalty,ils,1000,10000000,492,True,9,507,,10000000
scp_orlib,scp48,1000,0,penalty,ils,1000,10000000,492,True,10,499,,10000000
scp_orlib,scp48,1000,0,penalty,ils,1000,10000000,492,True,11,525,,10000000
scp_orlib,scp48,1000,0,penalty,ils,1000,10000000,492,True,12,505,,10000000
scp_orlib,scp48,1000,0,penalty,ils,1000,10000000,492,True,13,499,,10000000
scp_orlib,scp48,1000,0,penalty,ils,1000,10000000,492,True,14,499,,10000000
scp_orlib,scp48,1000,0,penalty,ils,1000,10000000,492,True,15,501,,10000000
scp_orlib,scp48,1000,0,penalty,ils,1000,10000000,492,True,16,501,,10000000
scp_orlib,scp48,1000,0,penalty,ils,1000,10000000,492,True,17,505,,10000000
scp_orlib,scp48,1000,0,penalty,ils,1000,10000000,492,True,18,497,,10000000
scp_orlib,scp48,1000,0,penalty,ils,1000,10000000,492,True,19,499,,10000000
scp_orlib,scp48,1000,0,penalty,ils,1000,10000000,492,True,20,505,,10000000
scp_orlib,scp48,1000,0,penalty,ils,1000,10000000,492,True,21,505,,10000000
scp_orlib,scp48,1000,0,penalty,ils,1000,10000000,492,True,22,499,,10000000
scp_orlib,scp48,1000,0,penalty,ils,1000,10000000,492,True,23,497,,10000000
scp_orlib,scp48,1000,0,penalty,ils,1000,10000000,492,True,24,499,,10000000
scp_orlib,scp48,1000,0,penalty,ils,1000,10000000,492,True,25,499,,10000000
scp_orlib,scp48,1000,0,penalty,ils,1000,10000000,492,True,26,499,,10000000
scp_orlib,scp48,1000,0,penalty,ils,1000,10000000,492,True,27,499,,10000000
scp_orlib,scp48,1000,0,penalty,ils,1000,10000000,492,True,28,499,,10000000
scp_orlib,scp48,1000,0,penalty,ils,1000,10000000,492,True,29,497,,10000000
scp_orlib,scp48,1000,0,penalty,ils,1000,10000000,492,True,30,505,,10000000
scp_orlib,scp48,1000,0,penalty,mpoa,1000,10000000,492,True,0,5454,,10000000
scp_orlib,scp48,1000,0,penalty,mpoa,1000,10000000,492,True,1,4810,,10000000
scp_orlib,scp48,1000,0,penalty,mpoa,1000,10000000,492,True,2,5955,,10000000
scp_orlib,scp48,1000,0,penalty,mpoa,1000,10000000,492,True,3,5451,,10000000
scp_orlib,scp48,1000,0,penalty,mpoa,1000,10000000,492,True,4,4796,,10000000
scp_orlib,scp48,1000,0,penalty,mpoa,1000,10000000,492,True,5,5259,,10000000
scp_orlib,scp48,1000,0,penalty,mpoa,1000,10000000,492,True,6,5141,,10000000
scp_orlib,scp48,1000,0,penalty,mpoa,1000,10000000,492,True,7,6348,,10000000
scp_orlib,scp48,1000,0,penalty,mpoa,1000,10000000,492,True,8,5488,,10000000
scp_orlib,scp48,1000,0,penalty,mpoa,1000,10000000,492,True,9,4761,,10000000
scp_orlib,scp48,1000,0,penalty,mpoa,1000,10000000,492,True,10,5993,,10000000
scp_orlib,scp48,1000,0,penalty,mpoa,1000,10000000,492,True,11,5803,,10000000
scp_orlib,scp48,1000,0,penalty,mpoa,1000,10000000,492,True,12,6272,,10000000
scp_orlib,scp48,1000,0,penalty,mpoa,1000,10000000,492,True,13,5722,,10000000
scp_orlib,scp48,1000,0,penalty,mpoa,1000,10000000,492,True,14,5297,,10000000
scp_orlib,scp48,1000,0,penalty,mpoa,1000,10000000,492,True,15,5575,,10000000
scp_orlib,scp48,1000,0,penalty,mpoa,1000,10000000,492,True,16,5244,,10000000
scp_orlib,scp48,1000,0,penalty,mpoa,1000,10000000,492,True,17,5475,,10000000
scp_orlib,scp48,1000,0,penalty,mpoa,1000,10000000,492,True,18,5622,,10000000
scp_orlib,scp48,1000,0,penalty,mpoa,1000,10000000,492,True,19,4957,,10000000
scp_orlib,scp48,1000,0,penalty,mpoa,1000,10000000,492,True,20,5245,,10000000
scp_orlib,scp48,1000,0,penalty,mpoa,1000,10000000,492,True,21,5713,,10000000
scp_orlib,scp48,1000,0,penalty,mpoa,1000,10000000,492,True,22,6087,,10000000
scp_orlib,scp48,1000,0,penalty,mpoa,1000,10000000,492,True,23,5450,,10000000
scp_orlib,scp48,1000,0,penalty,mpoa,1000,10000000,492,True,24,5625,,10000000
scp_orlib,scp48,1000,0,penalty,mpoa,1000,10000000,492,True,25,5433,,10000000
scp_orlib,scp48,1000,0,penalty,mpoa,1000,10000000,492,True,26,5337,,10000000
scp_orlib,scp48,1000,0,penalty,mpoa,1000,10000000,492,True,27,5069,,10000000
scp_orlib,scp48,1000,0,penalty,mpoa,1000,10000000,492,True,28,5011,,10000000
scp_orlib,scp48,1000,0,penalty,mpoa,1000,10000000,492,True,29,5886,,10000000
scp_orlib,scp48,1000,0,penalty,mpoa,1000,10000000,492,True,30,5566,,10000000
